[
  {
    "fr": "Errachidia",
    "ar": "الرشيدية"
  },
  {
    "fr": "Ouarzazate",
    "ar": "ورززات"
  },
  {
    "fr": "Midelt",
    "ar": "ميدلت"
  },
  {
    "fr": "Tinejdad",
    "ar": "تنجداد"
  },
  {
    "fr": "Tinghir",
    "ar": "تنغير"
  },
  {
    "fr": "Arfoud",
    "ar": "أرفود"
  },
  {
    "fr": "Moulay Ali Cherif",
    "ar": "مولاي علي شريف"
  },
  {
    "fr": "Goulmima",
    "ar": "كلميمة"
  },
  {
    "fr": "Boudnib",
    "ar": "بوذنيب"
  },
  {
    "fr": "Agdz",
    "ar": "أكدز"
  },
  {
    "fr": "Zagora",
    "ar": "زاكورة"
  },
  {
    "fr": "Er-rich",
    "ar": "الريش"
  },
  {
    "fr": "Taznakht",
    "ar": "تازناخت"
  },
  {
    "fr": "Boumalne Dades",
    "ar": "بومالن دادس"
  },
  {
    "fr": "Kalaat M'Gouna",
    "ar": "قلعة مغونة"
  }
]