[
  {
    "fr": "Tanger",
    "ar": "طنجة"
  },
  {
    "fr": "Tétouan",
    "ar": "تطوان"
  },
  {
    "fr": "Ksar El Kebir",
    "ar": "القصر الكبير"
  },
  {
    "fr": "Larache",
    "ar": "العرائش"
  },
  {
    "fr": "Fnideq",
    "ar": "الفنيدق"
  },
  {
    "fr": "Martil",
    "ar": "مارتيل"
  },
  {
    "fr": "Ouezzane",
    "ar": "وزان"
  },
  {
    "fr": "Al Hoceima",
    "ar": "الحسيمة"
  },
  {
    "fr": "M'Diq",
    "ar": "المضيق"
  },
  {
    "fr": "Chefchaouen",
    "ar": "شفشاون"
  },
  {
    "fr": "Imzouren",
    "ar": "إمزورن"
  },
  {
    "fr": "Assilah",
    "ar": "أصيلة"
  },
  {
    "fr": "Jbarna",
    "ar": "كزناية"
  },
  {
    "fr": "Bni Bouayach",
    "ar": "بني بوعياش"
  },
  {
    "fr": "Targuist",
    "ar": "تارجيست"
  },
  {
    "fr": "Oued Laou",
    "ar": "واد لو"
  },
  {
    "fr": "Ajdir",
    "ar": "أجدير"
  }
]