[
  {
    "type": "بني ملال"
  },
  {
    "type": "الفقيه بن صالح"
  },
  {
    "type": "القصيبة"
  },
  {
    "type": "قصبة تادلة"
  },
  {
    "type": "زاوية الشيخ"
  },
  {
    "type": "أبي الجعد"
  },
  {
    "type": "بوجنيبة"
  },
  {
    "type": "حطان"
  },
  {
    "type": "خريبكة"
  },
  {
    "type": "وادي زم"
  },
  {
    "type": "مريرت"
  },
  {
    "type": "خنيفرة"
  },
  {
    "type": "أزيلال"
  },
  {
    "type": "دمنات"
  },
  {
    "type": "أولاد عياد"
  },
  {
    "type": "سوق السبت أولاد النمة"
  }
]