[
  {
    "type": "الدار البيضاء"
  },
  {
    "type": "المحمدية"
  },
  {
    "type": "سطات"
  },
  {
    "type": "الجديدة"
  },
  {
    "type": "عين حرودة"
  },
  {
    "type": "بن أحمد"
  },
  {
    "type": "لولاد"
  },
  {
    "type": "أولاد امراح"
  },
  {
    "type": "برشيد"
  },
  {
    "type": "الدروة"
  },
  {
    "type": "الكارة"
  },
  {
    "type": "حد السوالم"
  },
  {
    "type": "أولاد عبو"
  },
  {
    "type": "سيدي رحال الشاطئ"
  },
  {
    "type": "بنسليمان"
  },
  {
    "type": "بوزنيقة"
  },
  {
    "type": "المنصورية"
  },
  {
    "type": "سيدي بنور"
  },
  {
    "type": "زمامرة"
  },
  {
    "type": "النواصر"
  },
  {
    "type": "بوسكورة"
  },
  {
    "type": "دار بوعزة"
  },
  {
    "type": "الهراويين"
  },
  {
    "type": "مديونة"
  },
  {
    "type": "تيط مليل"
  },
  {
    "type": "أزمور"
  },
  {
    "type": "البئر الجديد"
  }
]