[
  {
    "type": "وجدة"
  },
  {
    "type": "جرسيف"
  },
  {
    "type": "بني درار"
  },
  {
    "type": "النعيمة"
  },
  {
    "type": "أحفير"
  },
  {
    "type": "عين الركادة"
  },
  {
    "type": "أكليم"
  },
  {
    "type": "بركان"
  },
  {
    "type": "السعيدية"
  },
  {
    "type": "سيدي سليمان الشراعة"
  },
  {
    "type": "دبدو"
  },
  {
    "type": "العيون سيدي ملوك"
  },
  {
    "type": "تاوريرت"
  },
  {
    "type": "جرادة"
  },
  {
    "type": "عين بني مطهر"
  },
  {
    "type": "تويسيت"
  },
  {
    "type": "بوعرفة"
  },
  {
    "type": "فكيك"
  },
  {
    "type": "العروي"
  },
  {
    "type": "بني انصار"
  },
  {
    "type": "الناظور"
  },
  {
    "type": "زايو"
  },
  {
    "type": "أزغنغان"
  },
  {
    "type": "رأس الماء"
  },
  {
    "type": "سلوان"
  },
  {
    "type": "الدريوش"
  },
  {
    "type": "ميضار"
  },
  {
    "type": "بن الطيب"
  }
]