[
  {
    "type": "الرشيدية"
  },
  {
    "type": "ورززات"
  },
  {
    "type": "ميدلت"
  },
  {
    "type": "تنجداد"
  },
  {
    "type": "تنغير"
  },
  {
    "type": "أرفود"
  },
  {
    "type": "مولاي علي شريف"
  },
  {
    "type": "كلميمة"
  },
  {
    "type": "بوذنيب"
  },
  {
    "type": "أكدز"
  },
  {
    "type": "زاكورة"
  },
  {
    "type": "الريش"
  },
  {
    "type": "تازناخت"
  },
  {
    "type": "بومالن دادس"
  },
  {
    "type": "قلعة مغونة"
  }
]