[
  {
    "type": "جهة الدار البيضاء سطات",
    "id" : "casa"
  },
  {
    "type": "جهة الرباط سلا القنيطرة",
    "id" : "rabat"
  },
  {
    "type": "جهة مراكش آسفي",
    "id" : "marakesh"
  },
  {
    "type": " جهة فاس مكناس",
    "id" : "maknas"
  },
  {
    "type": "جهة طنجة تطوان الحسيمة",
    "id" : "tanja"
  },
  {
    "type": "جهة الشرق",
    "id" : "chark"
  },
  {
    "type": "جهة بني ملال خنيفرة",
    "id" : "benimalal"
  },
  {
    "type": "جهة درعة تافيلالت",
    "id" : "daraa"
  },
  {
    "type": "جهة سوس ماسة",
    "id" : "souss"
  },
  {
    "type": "جهة كلميم واد نون",
    "id" : "galmim"
  },
  {
    "type": "جهة العيون الساقية الحمراء",
    "id" : "ayoun"
  },
  {
    "type": "جهة الداخلة وادي الذهب",
    "id" : "dakhla"
  }
]