[
    {
        "type" : "الصباغة",
        "id" : "sabar"
    },    
    {
        "type" : "البناء",
        "id" : "binaa"
    },    
    {
        "type" : "نجارة الخشب",
        "id" : "najar"
    },    
    {
        "type" : "نجارة الالمنيوم و الزجاج",
        "id" : "zaj"
    },    
    {
        "type" : "الجبص",
        "id" : "gabas"
    },    
    {
        "type" : "إصلاح و تركيب البرابول",
        "id" : "paraboll"
    },    
    {
        "type" : "السباكة - بلومبي",
        "id" : "sabak"
    },    
    {
        "type" : "الحدادة",
        "id" : "hadad"
    },    
    {
        "type" : "كهربائي",
        "id" : "elec"
    },    
    {
        "type" : "الخياطة",
        "id" : "khiyata"
    },    
    {
        "type" : "الميكانيكي",
        "id" : "mecha"
    }
]