[
  {
    "type": "فاس"
  },
  {
    "type": "مكناس"
  },
  {
    "type": "المشور الستينية"
  },
  {
    "type": "بوفكران"
  },
  {
    "type": "تولال"
  },
  {
    "type": "مولاي إدريس زرهون"
  },
  {
    "type": "ويسلان"
  },
  {
    "type": "بولمان"
  },
  {
    "type": "إيموزار مرموشة"
  },
  {
    "type": "ميسور"
  },
  {
    "type": "أوطاط الحاج"
  },
  {
    "type": "اكوراي"
  },
  {
    "type": "عين تاوجطات"
  },
  {
    "type": "الحاجب"
  },
  {
    "type": "سبع عيون"
  },
  {
    "type": "المشور فاس الجديد"
  },
  {
    "type": "أزرو"
  },
  {
    "type": "إفران"
  },
  {
    "type": "البهاليل"
  },
  {
    "type": "المنزل"
  },
  {
    "type": "إيموزار كندر"
  },
  {
    "type": "رباط الخير"
  },
  {
    "type": "صفرو"
  },
  {
    "type": "غفساي"
  },
  {
    "type": "قرية با محمد"
  },
  {
    "type": "تاونات"
  },
  {
    "type": "طهر السوق"
  },
  {
    "type": "تيسة"
  },
  {
    "type": "أكنول"
  },
  {
    "type": "واد أمليل"
  },
  {
    "type": "تاهلة"
  },
  {
    "type": "تازة"
  },
  {
    "type": "مولاي يعقوب"
  }
]