[
  {
    "type": "مراكش"
  },
  {
    "type": "المشور القصبة"
  },
  {
    "type": "آيت ورير"
  },
  {
    "type": "أمزميز"
  },
  {
    "type": "تحناوت"
  },
  {
    "type": "شيشاوة"
  },
  {
    "type": "إمنتانوت"
  },
  {
    "type": "قلعة السراغنة"
  },
  {
    "type": "سيدي رحال"
  },
  {
    "type": "تملالت"
  },
  {
    "type": "الصويرة"
  },
  {
    "type": "آسفي"
  },
  {
    "type": "جماعة سحيم"
  },
  {
    "type": "سبت كزولة"
  },
  {
    "type": "بن جرير"
  },
  {
    "type": "سيدي بوعثمان"
  },
  {
    "type": "اليوسفية"
  },
  {
    "type": "الشماعية"
  },
  {
    "type": "العطاوية"
  },
  {
    "type": "آيت داوود"
  },
  {
    "type": "الحنشان"
  },
  {
    "type": "تالمست"
  },
  {
    "type": "تمنار"
  }
]