[
  {
    "type": "سلا"
  },
  {
    "type": "الرباط"
  },
  {
    "type": "تمارة"
  },
  {
    "type": "القنيطرة"
  },
  {
    "type": "الخميسات"
  },
  {
    "type": "التواركة"
  },
  {
    "type": "سيدي بوقنادل"
  },
  {
    "type": "عين العودة"
  },
  {
    "type": "هرهورة"
  },
  {
    "type": "الصخيرات"
  },
  {
    "type": "عين عتيق"
  },
  {
    "type": "المهدية"
  },
  {
    "type": "سيدي يحيى الغرب"
  },
  {
    "type": "سوق الأربعاء"
  },
  {
    "type": "الرماني"
  },
  {
    "type": "تيفلت"
  },
  {
    "type": "سيدي علال البحراوي"
  },
  {
    "type": "دار الكداري"
  },
  {
    "type": "احد كورت"
  },
  {
    "type": "جرف الملحة"
  },
  {
    "type": "مشرع بلقصيري"
  },
  {
    "type": "سيدي قاسم"
  },
  {
    "type": "سيدي سليمان"
  }
]