[
  {
    "type": "أكادير"
  },
  {
    "type": "آيت ملول"
  },
  {
    "type": "الدشيرة الجهادية"
  },
  {
    "type": "إنزكان"
  },
  {
    "type": "القليعة"
  },
  {
    "type": "آيت ايعزة"
  },
  {
    "type": "الكردان"
  },
  {
    "type": "إيغرم"
  },
  {
    "type": "أولاد برحيل"
  },
  {
    "type": "أولاد تايمة"
  },
  {
    "type": "تاليوين"
  },
  {
    "type": "تارودانت"
  },
  {
    "type": "تافراوت"
  },
  {
    "type": "تزنيت"
  },
  {
    "type": "طاطا"
  },
  {
    "type": "آيت باها"
  },
  {
    "type": "بيوكرة"
  },
  {
    "type": "أقا"
  },
  {
    "type": "فم الحصن"
  },
  {
    "type": "فم زكيد"
  }
]