[
  {
    "type": "طنجة"
  },
  {
    "type": "تطوان"
  },
  {
    "type": "القصر الكبير"
  },
  {
    "type": "العرائش"
  },
  {
    "type": "الفنيدق"
  },
  {
    "type": "مارتيل"
  },
  {
    "type": "وزان"
  },
  {
    "type": "الحسيمة"
  },
  {
    "type": "المضيق"
  },
  {
    "type": "شفشاون"
  },
  {
    "type": "إمزورن"
  },
  {
    "type": "أصيلة"
  },
  {
    "type": "كزناية"
  },
  {
    "type": "بني بوعياش"
  },
  {
    "type": "تارجيست"
  },
  {
    "type": "واد لو"
  },
  {
    "type": "أجدير"
  }
]