[
  {
    "fr": "Oujda",
    "ar": "وجدة"
  },
  {
    "fr": "Guercif",
    "ar": "جرسيف"
  },
  {
    "fr": "Bni Drar",
    "ar": "بني درار"
  },
  {
    "fr": "Naima",
    "ar": "النعيمة"
  },
  {
    "fr": "Ahfir",
    "ar": "أحفير"
  },
  {
    "fr": "Ain Erreggada",
    "ar": "عين الركادة"
  },
  {
    "fr": "Aklim",
    "ar": "أكليم"
  },
  {
    "fr": "Berkane",
    "ar": "بركان"
  },
  {
    "fr": "Saidia",
    "ar": "السعيدية"
  },
  {
    "fr": "Sidi Slimane Echcharraa",
    "ar": "سيدي سليمان الشراعة"
  },
  {
    "fr": "Debdou",
    "ar": "دبدو"
  },
  {
    "fr": "El Aioun Sidi Mellouk",
    "ar": "العيون سيدي ملوك"
  },
  {
    "fr": "Taourirt",
    "ar": "تاوريرت"
  },
  {
    "fr": "Jerada",
    "ar": "جرادة"
  },
  {
    "fr": "Ain Bni Mathar",
    "ar": "عين بني مطهر"
  },
  {
    "fr": "Touissit",
    "ar": "تويسيت"
  },
  {
    "fr": "Bouarfa",
    "ar": "بوعرفة"
  },
  {
    "fr": "Al Aaroui",
    "ar": "العروي"
  },
  {
    "fr": "Bni Ansar",
    "ar": "بني انصار"
  },
  {
    "fr": "Nador",
    "ar": "الناظور"
  },
  {
    "fr": "Zaio",
    "ar": "زايو"
  },
  {
    "fr": "Zeghanghane",
    "ar": "أزغنغان"
  },
  {
    "fr": "Ras El Ma",
    "ar": "رأس الماء"
  },
  {
    "fr": "Selouane",
    "ar": "سلوان"
  },
  {
    "fr": "Driouch",
    "ar": "الدريوش"
  },
  {
    "fr": "Midar",
    "ar": "ميضار"
  },
  {
    "fr": "Ben Taieb",
    "ar": "بن الطيب"
  }
]