[
  {
    "fr": "Agadir",
    "ar": "أكادير"
  },
  {
    "fr": "Ait Melloul",
    "ar": "آيت ملول"
  },
  {
    "fr": "Dcheira El Jihadia",
    "ar": "الدشيرة الجهادية"
  },
  {
    "fr": "Inezgane",
    "ar": "إنزكان"
  },
  {
    "fr": "Lqliaa",
    "ar": "القليعة"
  },
  {
    "fr": "Ait Iaaza",
    "ar": "آيت ايعزة"
  },
  {
    "fr": "El Guerdane",
    "ar": "الكردان"
  },
  {
    "fr": "Irherm",
    "ar": "إيغرم"
  },
  {
    "fr": "Oulad Berhil",
    "ar": "أولاد برحيل"
  },
  {
    "fr": "Oulad Teima",
    "ar": "أولاد تايمة"
  },
  {
    "fr": "Taliouine",
    "ar": "تاليوين"
  },
  {
    "fr": "Taroudannt",
    "ar": "تارودانت"
  },
  {
    "fr": "Tafraouten",
    "ar": "تافراوت"
  },
  {
    "fr": "Tiznit",
    "ar": "تزنيت"
  },
  {
    "fr": "Tata",
    "ar": "طاطا"
  },
  {
    "fr": "Ait Baha",
    "ar": "آيت باها"
  },
  {
    "fr": "Biougra",
    "ar": "بيوكرة"
  },
  {
    "fr": "Akka",
    "ar": "أقا"
  },
  {
    "fr": "Fam El Hisn",
    "ar": "فم الحصن"
  },
  {
    "fr": "Foum Zguid",
    "ar": "فم زكيد"
  }
]