[
  {
    "fr": "Béni Mellal",
    "ar": "بني ملال"
  },
  {
    "fr": "Fquih Ben Salah",
    "ar": "الفقيه بن صالح"
  },
  {
    "fr": "El Ksiba",
    "ar": "القصيبة"
  },
  {
    "fr": "Kasba Tadla",
    "ar": "قصبة تادلة"
  },
  {
    "fr": "Zaouiat Cheikh",
    "ar": "زاوية الشيخ"
  },
  {
    "fr": "Bejaad",
    "ar": "أبي الجعد"
  },
  {
    "fr": "Boujniba",
    "ar": "بوجنيبة"
  },
  {
    "fr": "Hattane",
    "ar": "حطان"
  },
  {
    "fr": "Khouribga",
    "ar": "خريبكة"
  },
  {
    "fr": "Oued Zem",
    "ar": "وادي زم"
  },
  {
    "fr": "M'Rirt",
    "ar": "مريرت"
  },
  {
    "fr": "Khénifra",
    "ar": "خنيفرة"
  },
  {
    "fr": "Azilal",
    "ar": "أزيلال"
  },
  {
    "fr": "Demnate",
    "ar": "دمنات"
  },
  {
    "fr": "Ouled Ayad",
    "ar": "أولاد عياد"
  },
  {
    "fr": "Souk Sebt Ouled Nemma",
    "ar": "سوق السبت أولاد النمة"
  }
]