[
  {
    "fr": "Casablanca",
    "ar": "الدار البيضاء"
  },
  {
    "fr": "Mohammédia",
    "ar": "المحمدية"
  },
  {
    "fr": "Settat",
    "ar": "سطات"
  },
  {
    "fr": "El Jadida",
    "ar": "الجديدة"
  },
  {
    "fr": "Aïn Harrouda",
    "ar": "عين حرودة"
  },
  {
    "fr": "Ben Ahmed",
    "ar": "بن أحمد"
  },
  {
    "fr": "Loulad",
    "ar": "لولاد"
  },
  {
    "fr": "Oulad Mrah",
    "ar": "أولاد امراح"
  },
  {
    "fr": "Berrechid",
    "ar": "برشيد"
  },
  {
    "fr": "Deroua",
    "ar": "الدروة"
  },
  {
    "fr": "El Gara",
    "ar": "الكارة"
  },
  {
    "fr": "Soualem",
    "ar": "حد السوالم"
  },
  {
    "fr": "Oulad Abbou",
    "ar": "أولاد عبو"
  },
  {
    "fr": "Sidi Rahhal Chataï",
    "ar": "سيدي رحال الشاطئ"
  },
  {
    "fr": "Ben Slimane",
    "ar": "بنسليمان"
  },
  {
    "fr": "Bouznika",
    "ar": "بوزنيقة"
  },
  {
    "fr": "El Mansouria",
    "ar": "المنصورية"
  },
  {
    "fr": "Sidi Bennour",
    "ar": "سيدي بنور"
  },
  {
    "fr": "Zemamra",
    "ar": "زمامرة"
  },
  {
    "fr": "Nouaceur",
    "ar": "النواصر"
  },
  {
    "fr": "Bouskoura",
    "ar": "بوسكورة"
  },
  {
    "fr": "Dar Bouazza",
    "ar": "دار بوعزة"
  },
  {
    "fr": "Lahraouyine",
    "ar": "الهراويين"
  },
  {
    "fr": "Mediouna",
    "ar": "مديونة"
  },
  {
    "fr": "Tit Mellil",
    "ar": "تيط مليل"
  },
  {
    "fr": "Azemmour",
    "ar": "أزمور"
  },
  {
    "fr": "Lbir Jdid",
    "ar": "البئر الجديد"
  }
]