[
    {
        "ar" : "الصباغة",
        "fr" : "teinturier"
    },    
    {
        "ar" : "البناء",
        "fr" : "constructeur"
    },    
    {
        "ar" : "نجارة الخشب",
        "fr" : "menuisier"
    },    
    {
        "ar" : "نجارة الالمنيوم و الزجاج",
        "fr" : "menuisier aluminium et verre"
    },    
    {
        "ar" : "الجبص",
        "fr" : "plâtre"
    },    
    {
        "ar" : "إصلاح و تركيب البرابول",
        "fr" : "installation et réparation de parabole"
    },    
    {
        "ar" : "السباكة - بلومبي",
        "fr" : "plombier"
    },    
    {
        "ar" : "الحدادة",
        "fr" : "forgeron"
    },    
    {
        "ar" : "كهربائي",
        "fr" : "électricien"
    },    
    {
        "ar" : "الخياطة",
        "fr" : "tailleur"
    },    
    {
        "ar" : "الميكانيكي",
        "fr" : "mécanicien"
    },    
    {
        "ar" : "خطاط",
        "fr" : "calligraphe"
    },
    {
        "ar" : "تزفيت",
        "fr" : "asphalte"
    }
]