[
  {
    "fr": "Fès",
    "ar": "فاس"
  },
  {
    "fr": "Meknès",
    "ar": "مكناس"
  },
  {
    "fr": "Al Machouar - Stinia",
    "ar": "المشور الستينية"
  },
  {
    "fr": "Boufakrane",
    "ar": "بوفكران"
  },
  {
    "fr": "Toulal",
    "ar": "تولال"
  },
  {
    "fr": "Moulay Driss Zerhoun",
    "ar": "مولاي إدريس زرهون"
  },
  {
    "fr": "Ouislane",
    "ar": "ويسلان"
  },
  {
    "fr": "Boulemane",
    "ar": "بولمان"
  },
  {
    "fr": "Imouzzer Marmoucha",
    "ar": "إيموزار مرموشة"
  },
  {
    "fr": "Missour",
    "ar": "ميسور"
  },
  {
    "fr": "Outat El Haj",
    "ar": "أوطاط الحاج"
  },
  {
    "fr": "Agourai",
    "ar": "اكوراي"
  },
  {
    "fr": "Ain Taoujdate",
    "ar": "عين تاوجطات"
  },
  {
    "fr": "El Hajeb",
    "ar": "الحاجب"
  },
  {
    "fr": "Sabaa Aiyoun",
    "ar": "سبع عيون"
  },
  {
    "fr": "Méchouar Fès Jdid",
    "ar": "المشور فاس الجديد"
  },
  {
    "fr": "Azrou",
    "ar": "أزرو"
  },
  {
    "fr": "Ifrane",
    "ar": "إفران"
  },
  {
    "fr": "Bhalil",
    "ar": "البهاليل"
  },
  {
    "fr": "El Menzel",
    "ar": "المنزل"
  },
  {
    "fr": "Imouzzer Kandar",
    "ar": "إيموزار كندر"
  },
  {
    "fr": "Ribate El Kheir",
    "ar": "رباط الخير"
  },
  {
    "fr": "Sefrou",
    "ar": "صفرو"
  },
  {
    "fr": "Ghafsai",
    "ar": "غفساي"
  },
  {
    "fr": "Karia Ba Mohamed",
    "ar": "قرية با محمد"
  },
  {
    "fr": "Taounate",
    "ar": "تاونات"
  },
  {
    "fr": "Thar Es-souk",
    "ar": "طهر السوق"
  },
  {
    "fr": "Tissa",
    "ar": "تيسة"
  },
  {
    "fr": "Aknoul",
    "ar": "أكنول"
  },
  {
    "fr": "Oued Amlil",
    "ar": "واد أمليل"
  },
  {
    "fr": "Tahla",
    "ar": "تاهلة"
  },
  {
    "fr": "Taza",
    "ar": "تازة"
  },
  {
    "fr": "Moulay Yacoub",
    "ar": "مولاي يعقوب"
  }
]