[
  {
    "fr": "Marrakech",
    "ar": "مراكش"
  },
  {
    "fr": "Méchouar-Kasba",
    "ar": "المشور القصبة"
  },
  {
    "fr": "Ait Ourir",
    "ar": "آيت ورير"
  },
  {
    "fr": "Amizmiz",
    "ar": "أمزميز"
  },
  {
    "fr": "Tahannaout",
    "ar": "تحناوت"
  },
  {
    "fr": "Chichaoua",
    "ar": "شيشاوة"
  },
  {
    "fr": "Imintanoute",
    "ar": "إمنتانوت"
  },
  {
    "fr": "El Kelâa des  Sraghna",
    "ar": "قلعة السراغنة"
  },
  {
    "fr": "Sidi Rahhal",
    "ar": "سيدي رحال"
  },
  {
    "fr": "Tamallalt",
    "ar": "تملالت"
  },
  {
    "fr": "Essaouira",
    "ar": "الصويرة"
  },
  {
    "fr": "Safi",
    "ar": "آسفي"
  },
  {
    "fr": "amaat Shaim",
    "ar": "جماعة سحيم"
  },
  {
    "fr": "Sebt Gzoula",
    "ar": "سبت كزولة"
  },
  {
    "fr": "Ben Guerir",
    "ar": "بن جرير"
  },
  {
    "fr": "Sidi Bou Othmane",
    "ar": "سيدي بوعثمان"
  },
  {
    "fr": "Youssoufia",
    "ar": "اليوسفية"
  },
  {
    "fr": "Echemmaia",
    "ar": "الشماعية"
  },
  {
    "fr": "Laattaouia",
    "ar": "العطاوية"
  },
  {
    "fr": "Ait Daoud",
    "ar": "آيت داوود"
  },
  {
    "fr": "El Hanchane",
    "ar": "الحنشان"
  },
  {
    "fr": "Talmest",
    "ar": "تالمست"
  },
  {
    "fr": "Tamanar",
    "ar": "تمنار"
  }
]