[
  {
    "fr": "Salé",
    "ar": "سلا"
  },
  {
    "fr": "Rabat",
    "ar": "الرباط"
  },
  {
    "fr": "Témara",
    "ar": "تمارة"
  },
  {
    "fr": "Kénitra",
    "ar": "القنيطرة"
  },
  {
    "fr": "Khémisset",
    "ar": "الخميسات"
  },
  {
    "fr": "Touarga",
    "ar": "التواركة"
  },
  {
    "fr": "Sidi Bouknadel",
    "ar": "سيدي بوقنادل"
  },
  {
    "fr": "Ain El Aouda",
    "ar": "عين العودة"
  },
  {
    "fr": "Harhoura",
    "ar": "هرهورة"
  },
  {
    "fr": "Skhirate",
    "ar": "الصخيرات"
  },
  {
    "fr": "Ain Attig",
    "ar": "عين عتيق"
  },
  {
    "fr": "Mehdya",
    "ar": "المهدية"
  },
  {
    "fr": "Sidi Yahya El Gharb",
    "ar": "سيدي يحيى الغرب"
  },
  {
    "fr": "Souk El Arbaa",
    "ar": "سوق الأربعاء"
  },
  {
    "fr": "Rommani",
    "ar": "الرماني"
  },
  {
    "fr": "Tiflet",
    "ar": "تيفلت"
  },
  {
    "fr": "Sidi Allal El Bahraoui",
    "ar": "سيدي علال البحراوي"
  },
  {
    "fr": "Dar Gueddari",
    "ar": "دار الكداري"
  },
  {
    "fr": "Had Kourt",
    "ar": "احد كورت"
  },
  {
    "fr": "Jorf El Melha",
    "ar": "جرف الملحة"
  },
  {
    "fr": "Mechraa Bel Ksiri",
    "ar": "مشرع بلقصيري"
  },
  {
    "fr": "Sidi Kacem",
    "ar": "سيدي قاسم"
  },
  {
    "fr": "Sidi Slimane",
    "ar": "سيدي سليمان"
  }
]